<?xml version='1.0' encoding='UTF-8'?>
<?artifactRepository version='1.1.0'?>
<repository name='Bundle pool' type='org.eclipse.equinox.p2.artifact.repository.simpleRepository' version='1'>
  <properties size='2'>
    <property name='p2.system' value='true'/>
    <property name='p2.timestamp' value='1378302189786'/>
  </properties>
  <mappings size='3'>
    <rule filter='(&amp; (classifier=osgi.bundle))' output='${repoUrl}/plugins/${id}_${version}.jar'/>
    <rule filter='(&amp; (classifier=binary))' output='${repoUrl}/binary/${id}_${version}'/>
    <rule filter='(&amp; (classifier=org.eclipse.update.feature))' output='${repoUrl}/features/${id}_${version}.jar'/>
  </mappings>
  <artifacts size='91'>
    <artifact classifier='osgi.bundle' id='org.eclipse.net4j' version='4.2.0.v20130120-1014'>
      <properties size='1'>
        <property name='download.size' value='147104'/>
      </properties>
    </artifact>
    <artifact classifier='osgi.bundle' id='org.eclipse.equinox.console' version='1.0.100.v20130429-0953'>
      <properties size='1'>
        <property name='download.size' value='116277'/>
      </properties>
    </artifact>
    <artifact classifier='org.eclipse.update.feature' id='com.netxforge.netxstudio.common.feature' version='1.0.0.201309041342'>
      <properties size='1'>
        <property name='download.size' value='2301'/>
      </properties>
      <repositoryProperties size='1'>
        <property name='artifact.folder' value='true'/>
      </repositoryProperties>
    </artifact>
    <artifact classifier='osgi.bundle' id='com.mysql.driver' version='5.1.18'>
      <properties size='1'>
        <property name='download.size' value='790709'/>
      </properties>
    </artifact>
    <artifact classifier='osgi.bundle' id='com.netxforge.netxstudio.server.db.mysql.product' version='1.0.0.201309041342'>
      <properties size='1'>
        <property name='download.size' value='3698'/>
      </properties>
    </artifact>
    <artifact classifier='osgi.bundle' id='org.apache.felix.gogo.runtime' version='0.10.0.v201209301036'>
      <properties size='1'>
        <property name='download.size' value='80249'/>
      </properties>
    </artifact>
    <artifact classifier='osgi.bundle' id='oracle.jdbc.driver.10_2_0_4' version='10.2.4.201309041342'>
      <properties size='1'>
        <property name='download.size' value='2946222'/>
      </properties>
    </artifact>
    <artifact classifier='osgi.bundle' id='com.google.inject' version='3.0.0.v201203062045'>
      <properties size='1'>
        <property name='download.size' value='520615'/>
      </properties>
    </artifact>
    <artifact classifier='osgi.bundle' id='com.google.guava' version='12.0.0.v201212092141'>
      <properties size='1'>
        <property name='download.size' value='1897789'/>
      </properties>
    </artifact>
    <artifact classifier='osgi.bundle' id='org.eclipse.emf.cdo.common' version='4.2.0.v20130126-1029'>
      <properties size='1'>
        <property name='download.size' value='451689'/>
      </properties>
    </artifact>
    <artifact classifier='osgi.bundle' id='lpg.runtime.java' version='2.0.17.v201004271640'>
      <properties size='1'>
        <property name='download.size' value='117405'/>
      </properties>
    </artifact>
    <artifact classifier='org.eclipse.update.feature' id='javax.artifacts.feature' version='1.0.0.201309041342'>
      <properties size='1'>
        <property name='download.size' value='2112'/>
      </properties>
      <repositoryProperties size='1'>
        <property name='artifact.folder' value='true'/>
      </repositoryProperties>
    </artifact>
    <artifact classifier='osgi.bundle' id='com.netxforge.netxstudio.data.fixtures' version='1.0.0.201309041342'>
      <properties size='1'>
        <property name='download.size' value='11670'/>
      </properties>
    </artifact>
    <artifact classifier='org.eclipse.update.feature' id='com.google.artifacts.feature' version='1.0.0.201309041342'>
      <properties size='1'>
        <property name='download.size' value='11570'/>
      </properties>
      <repositoryProperties size='1'>
        <property name='artifact.folder' value='true'/>
      </repositoryProperties>
    </artifact>
    <artifact classifier='osgi.bundle' id='org.eclipse.core.jobs' version='3.5.300.v20130429-1813'>
      <properties size='1'>
        <property name='download.size' value='92479'/>
      </properties>
    </artifact>
    <artifact classifier='osgi.bundle' id='org.apache.log4j' version='1.2.15.v201012070815'>
      <properties size='1'>
        <property name='download.size' value='414383'/>
      </properties>
    </artifact>
    <artifact classifier='osgi.bundle' id='org.eclipse.core.contenttype' version='3.4.200.v20130326-1255'>
      <properties size='1'>
        <property name='download.size' value='93013'/>
      </properties>
    </artifact>
    <artifact classifier='osgi.bundle' id='org.eclipse.emf.cdo.server.net4j' version='4.1.0.v20130112-1217'>
      <properties size='1'>
        <property name='download.size' value='132068'/>
      </properties>
    </artifact>
    <artifact classifier='org.eclipse.update.feature' id='org.peaberry.artifacts.feature' version='1.0.0.201308301546'>
      <properties size='1'>
        <property name='download.size' value='432'/>
      </properties>
      <repositoryProperties size='1'>
        <property name='artifact.folder' value='true'/>
      </repositoryProperties>
    </artifact>
    <artifact classifier='osgi.bundle' id='org.eclipse.equinox.launcher.cocoa.macosx.x86_64' version='1.1.200.v20130521-0416'>
      <properties size='1'>
        <property name='download.size' value='30805'/>
      </properties>
      <repositoryProperties size='1'>
        <property name='artifact.folder' value='true'/>
      </repositoryProperties>
    </artifact>
    <artifact classifier='osgi.bundle' id='org.eclipse.equinox.launcher' version='1.3.0.v20130327-1440'>
      <properties size='1'>
        <property name='download.size' value='49968'/>
      </properties>
    </artifact>
    <artifact classifier='osgi.bundle' id='org.eclipse.emf.cdo.server' version='4.2.0.v20130126-0958'>
      <properties size='1'>
        <property name='download.size' value='404250'/>
      </properties>
    </artifact>
    <artifact classifier='osgi.bundle' id='com.netxforge.netxstudio.models.13042011' version='1.0.0.201309041342'>
      <properties size='1'>
        <property name='download.size' value='411822'/>
      </properties>
    </artifact>
    <artifact classifier='osgi.bundle' id='javax.servlet' version='3.0.0.v201112011016'>
      <properties size='1'>
        <property name='download.size' value='201594'/>
      </properties>
    </artifact>
    <artifact classifier='osgi.bundle' id='javax.xml' version='1.3.4.v201005080400'>
      <properties size='1'>
        <property name='download.size' value='237996'/>
      </properties>
    </artifact>
    <artifact classifier='org.eclipse.update.feature' id='org.eclipse.emf.ecore' version='2.9.0.v20130528-0742'>
      <properties size='1'>
        <property name='download.size' value='18514'/>
      </properties>
      <repositoryProperties size='1'>
        <property name='artifact.folder' value='true'/>
      </repositoryProperties>
    </artifact>
    <artifact classifier='osgi.bundle' id='org.eclipse.emf.cdo.server.db' version='4.2.0.v20130125-0507'>
      <properties size='1'>
        <property name='download.size' value='388134'/>
      </properties>
    </artifact>
    <artifact classifier='osgi.bundle' id='org.eclipse.net4j.jvm' version='4.1.100.v20120917-1349'>
      <properties size='1'>
        <property name='download.size' value='18083'/>
      </properties>
    </artifact>
    <artifact classifier='osgi.bundle' id='org.eclipse.equinox.http.registry' version='1.1.300.v20130402-1529'>
      <properties size='1'>
        <property name='download.size' value='45207'/>
      </properties>
    </artifact>
    <artifact classifier='osgi.bundle' id='com.netxforge.netxstudio.common' version='1.0.0.201309041342'>
      <properties size='1'>
        <property name='download.size' value='183447'/>
      </properties>
    </artifact>
    <artifact classifier='osgi.bundle' id='org.apache.poi' version='3.9.0'>
      <properties size='1'>
        <property name='download.size' value='8969168'/>
      </properties>
    </artifact>
    <artifact classifier='org.eclipse.update.feature' id='com.google.collect.artifacts.feature' version='1.0.0.201309021525'>
      <properties size='1'>
        <property name='download.size' value='425'/>
      </properties>
      <repositoryProperties size='1'>
        <property name='artifact.folder' value='true'/>
      </repositoryProperties>
    </artifact>
    <artifact classifier='osgi.bundle' id='com.netxforge.netxstudio.server.logic' version='1.0.0.201309041342'>
      <properties size='1'>
        <property name='download.size' value='150622'/>
      </properties>
    </artifact>
    <artifact classifier='osgi.bundle' id='org.eclipse.emf.cdo' version='4.2.0.v20130130-0630'>
      <properties size='1'>
        <property name='download.size' value='678426'/>
      </properties>
    </artifact>
    <artifact classifier='osgi.bundle' id='com.netxforge.netxstudio.server' version='1.0.0.201309041342'>
      <properties size='1'>
        <property name='download.size' value='91026'/>
      </properties>
    </artifact>
    <artifact classifier='osgi.bundle' id='org.apache.felix.gogo.command' version='0.10.0.v201209301215'>
      <properties size='1'>
        <property name='download.size' value='57646'/>
      </properties>
    </artifact>
    <artifact classifier='osgi.bundle' id='org.eclipse.emf.ecore.change' version='2.9.0.v20130528-0742'>
      <properties size='1'>
        <property name='download.size' value='85879'/>
      </properties>
    </artifact>
    <artifact classifier='osgi.bundle' id='org.eclipse.xtext' version='2.0.0.v201106060900'>
      <properties size='1'>
        <property name='download.size' value='1949608'/>
      </properties>
    </artifact>
    <artifact classifier='osgi.bundle' id='com.netxforge.netxstudio.server.metrics' version='1.0.0.201309041342'>
      <properties size='1'>
        <property name='download.size' value='19693'/>
      </properties>
    </artifact>
    <artifact classifier='org.eclipse.update.feature' id='com.netxforge.netxstudio.models.13042011.feature' version='1.0.0.201309041342'>
      <properties size='1'>
        <property name='download.size' value='2463'/>
      </properties>
      <repositoryProperties size='1'>
        <property name='artifact.folder' value='true'/>
      </repositoryProperties>
    </artifact>
    <artifact classifier='osgi.bundle' id='org.eclipse.net4j.tcp' version='4.1.100.v20120920-1622'>
      <properties size='1'>
        <property name='download.size' value='68941'/>
      </properties>
    </artifact>
    <artifact classifier='osgi.bundle' id='org.eclipse.core.runtime' version='3.9.0.v20130326-1255'>
      <properties size='1'>
        <property name='download.size' value='73635'/>
      </properties>
    </artifact>
    <artifact classifier='osgi.bundle' id='javax.inject' version='1.0.0.v20091030'>
      <properties size='1'>
        <property name='download.size' value='12288'/>
      </properties>
    </artifact>
    <artifact classifier='org.eclipse.update.feature' id='org.apache.poi.artifacts.feature' version='1.0.0.201309041342'>
      <properties size='1'>
        <property name='download.size' value='11232'/>
      </properties>
      <repositoryProperties size='1'>
        <property name='artifact.folder' value='true'/>
      </repositoryProperties>
    </artifact>
    <artifact classifier='osgi.bundle' id='org.slf4j' version='1.6.6'>
      <properties size='1'>
        <property name='download.size' value='32944'/>
      </properties>
    </artifact>
    <artifact classifier='org.eclipse.update.feature' id='com.netxforge.netxstudio.models.feature' version='1.0.0.201309041342'>
      <properties size='1'>
        <property name='download.size' value='2264'/>
      </properties>
      <repositoryProperties size='1'>
        <property name='artifact.folder' value='true'/>
      </repositoryProperties>
    </artifact>
    <artifact classifier='osgi.bundle' id='org.eclipse.equinox.preferences' version='3.5.100.v20130422-1538'>
      <properties size='1'>
        <property name='download.size' value='127170'/>
      </properties>
    </artifact>
    <artifact classifier='osgi.bundle' id='com.netxforge.netxstudio.models.16042013_delta' version='1.0.0.201309041342'>
      <properties size='1'>
        <property name='download.size' value='70454'/>
      </properties>
    </artifact>
    <artifact classifier='org.eclipse.update.feature' id='com.netxforge.netxstudio.server.db.feature' version='1.0.0.201309041342'>
      <properties size='1'>
        <property name='download.size' value='2364'/>
      </properties>
      <repositoryProperties size='1'>
        <property name='artifact.folder' value='true'/>
      </repositoryProperties>
    </artifact>
    <artifact classifier='osgi.bundle' id='org.postgresql' version='9.0.0.201309041342'>
      <properties size='1'>
        <property name='download.size' value='515773'/>
      </properties>
    </artifact>
    <artifact classifier='osgi.bundle' id='org.ops4j.peaberry' version='1.1.1.v698'>
      <properties size='1'>
        <property name='download.size' value='203817'/>
      </properties>
    </artifact>
    <artifact classifier='osgi.bundle' id='org.eclipse.equinox.app' version='1.3.100.v20130327-1442'>
      <properties size='1'>
        <property name='download.size' value='86244'/>
      </properties>
    </artifact>
    <artifact classifier='org.eclipse.update.feature' id='org.eclipse.platform.server.artifacts.feature' version='4.3.0'>
      <properties size='1'>
        <property name='download.size' value='2619'/>
      </properties>
      <repositoryProperties size='1'>
        <property name='artifact.folder' value='true'/>
      </repositoryProperties>
    </artifact>
    <artifact classifier='osgi.bundle' id='org.eclipse.equinox.registry' version='3.5.300.v20130327-1442'>
      <properties size='1'>
        <property name='download.size' value='184119'/>
      </properties>
    </artifact>
    <artifact classifier='osgi.bundle' id='org.eclipse.emf.cdo.net4j' version='4.1.100.v20121228-1653'>
      <properties size='1'>
        <property name='download.size' value='149994'/>
      </properties>
    </artifact>
    <artifact classifier='osgi.bundle' id='com.netxforge.netxstudio.data' version='1.0.0.201309041342'>
      <properties size='1'>
        <property name='download.size' value='155542'/>
      </properties>
    </artifact>
    <artifact classifier='osgi.bundle' id='org.apache.commons.lang' version='2.6.0.v201205030909'>
      <properties size='1'>
        <property name='download.size' value='299203'/>
      </properties>
    </artifact>
    <artifact classifier='osgi.bundle' id='org.apache.commons.logging' version='1.1.1.v201101211721'>
      <properties size='1'>
        <property name='download.size' value='68107'/>
      </properties>
    </artifact>
    <artifact classifier='org.eclipse.update.feature' id='org.slf4j.feature' version='1.0.0.201309041342'>
      <properties size='1'>
        <property name='download.size' value='1948'/>
      </properties>
      <repositoryProperties size='1'>
        <property name='artifact.folder' value='true'/>
      </repositoryProperties>
    </artifact>
    <artifact classifier='osgi.bundle' id='javax.servlet.jsp' version='2.2.0.v201112011158'>
      <properties size='1'>
        <property name='download.size' value='107235'/>
      </properties>
    </artifact>
    <artifact classifier='osgi.bundle' id='org.aopalliance' version='1.0.0.v201105210816'>
      <properties size='1'>
        <property name='download.size' value='11093'/>
      </properties>
    </artifact>
    <artifact classifier='org.eclipse.update.feature' id='org.eclipse.emf.base' version='2.9.0.v20130528-0742'>
      <properties size='1'>
        <property name='download.size' value='18421'/>
      </properties>
      <repositoryProperties size='1'>
        <property name='artifact.folder' value='true'/>
      </repositoryProperties>
    </artifact>
    <artifact classifier='org.eclipse.update.feature' id='com.netxforge.netxscript.feature' version='1.0.0.201309041342'>
      <properties size='1'>
        <property name='download.size' value='2161'/>
      </properties>
      <repositoryProperties size='1'>
        <property name='artifact.folder' value='true'/>
      </repositoryProperties>
    </artifact>
    <artifact classifier='osgi.bundle' id='org.eclipse.equinox.common' version='3.6.200.v20130402-1505'>
      <properties size='1'>
        <property name='download.size' value='106701'/>
      </properties>
    </artifact>
    <artifact classifier='osgi.bundle' id='org.eclipse.emf.common' version='2.9.0.v20130528-0742'>
      <properties size='1'>
        <property name='download.size' value='351713'/>
      </properties>
    </artifact>
    <artifact classifier='org.eclipse.update.feature' id='com.netxforge.netxstudio.data.feature' version='1.0.0.201309041342'>
      <properties size='1'>
        <property name='download.size' value='2477'/>
      </properties>
      <repositoryProperties size='1'>
        <property name='artifact.folder' value='true'/>
      </repositoryProperties>
    </artifact>
    <artifact classifier='osgi.bundle' id='com.netxforge.netxstudio.log4j' version='1.0.0.201309041342'>
      <properties size='1'>
        <property name='download.size' value='3227'/>
      </properties>
    </artifact>
    <artifact classifier='osgi.bundle' id='com.netxforge.netxstudio.server.job' version='1.0.0.201309041342'>
      <properties size='1'>
        <property name='download.size' value='37116'/>
      </properties>
    </artifact>
    <artifact classifier='osgi.bundle' id='org.eclipse.net4j.db.mysql' version='4.2.0.v20130116-0901'>
      <properties size='1'>
        <property name='download.size' value='14569'/>
      </properties>
    </artifact>
    <artifact classifier='org.eclipse.update.feature' id='com.netxforge.netxstudio.server.db.mysql.product.feature' version='1.0.0.201309041342'>
      <properties size='1'>
        <property name='download.size' value='2750'/>
      </properties>
      <repositoryProperties size='1'>
        <property name='artifact.folder' value='true'/>
      </repositoryProperties>
    </artifact>
    <artifact classifier='osgi.bundle' id='com.netxforge.netxstudio.models' version='1.0.0.201309041342'>
      <properties size='1'>
        <property name='download.size' value='2667'/>
      </properties>
    </artifact>
    <artifact classifier='osgi.bundle' id='org.eclipse.emf.ecore.xmi' version='2.9.0.v20130528-0742'>
      <properties size='1'>
        <property name='download.size' value='227759'/>
      </properties>
    </artifact>
    <artifact classifier='org.eclipse.update.feature' id='org.quartz.artifacts.feature' version='1.0.0.201309041342'>
      <properties size='1'>
        <property name='download.size' value='2172'/>
      </properties>
      <repositoryProperties size='1'>
        <property name='artifact.folder' value='true'/>
      </repositoryProperties>
    </artifact>
    <artifact classifier='osgi.bundle' id='org.eclipse.net4j.db' version='4.2.0.v20130115-1033'>
      <properties size='1'>
        <property name='download.size' value='87588'/>
      </properties>
    </artifact>
    <artifact classifier='osgi.bundle' id='org.apache.commons.math' version='2.2.0.201309041342'>
      <properties size='1'>
        <property name='download.size' value='890730'/>
      </properties>
    </artifact>
    <artifact classifier='osgi.bundle' id='org.quartz' version='2.0.1'>
      <properties size='1'>
        <property name='download.size' value='507180'/>
      </properties>
    </artifact>
    <artifact classifier='osgi.bundle' id='javax.el' version='2.2.0.v201303151357'>
      <properties size='1'>
        <property name='download.size' value='56002'/>
      </properties>
    </artifact>
    <artifact classifier='osgi.bundle' id='org.eclipse.osgi.services' version='3.3.100.v20130513-1956'>
      <properties size='1'>
        <property name='download.size' value='82934'/>
      </properties>
    </artifact>
    <artifact classifier='org.eclipse.update.feature' id='org.eclipse.emf.common' version='2.9.0.v20130528-0742'>
      <properties size='1'>
        <property name='download.size' value='18479'/>
      </properties>
      <repositoryProperties size='1'>
        <property name='artifact.folder' value='true'/>
      </repositoryProperties>
    </artifact>
    <artifact classifier='osgi.bundle' id='org.eclipse.xtext.util' version='2.0.0.v201106060900'>
      <properties size='1'>
        <property name='download.size' value='118841'/>
      </properties>
    </artifact>
    <artifact classifier='osgi.bundle' id='org.eclipse.osgi' version='3.9.0.v20130529-1710'>
      <properties size='1'>
        <property name='download.size' value='1390308'/>
      </properties>
    </artifact>
    <artifact classifier='osgi.bundle' id='org.antlr.runtime' version='3.2.0.v201101311130'>
      <properties size='1'>
        <property name='download.size' value='205967'/>
      </properties>
    </artifact>
    <artifact classifier='osgi.bundle' id='com.netxforge.netxscript' version='1.0.0.201309041342'>
      <properties size='1'>
        <property name='download.size' value='441481'/>
      </properties>
    </artifact>
    <artifact classifier='org.eclipse.update.feature' id='org.eclipse.xtext.artifacts.feature' version='1.0.0.201309041342'>
      <properties size='1'>
        <property name='download.size' value='2273'/>
      </properties>
      <repositoryProperties size='1'>
        <property name='artifact.folder' value='true'/>
      </repositoryProperties>
    </artifact>
    <artifact classifier='org.eclipse.update.feature' id='org.apache.artifacts.server.feature' version='1.0.0.201309041342'>
      <properties size='1'>
        <property name='download.size' value='2416'/>
      </properties>
      <repositoryProperties size='1'>
        <property name='artifact.folder' value='true'/>
      </repositoryProperties>
    </artifact>
    <artifact classifier='org.eclipse.update.feature' id='org.eclipse.emf.cdo.server.db.mysql.artifacts.feature' version='1.0.0.201309041342'>
      <properties size='1'>
        <property name='download.size' value='2819'/>
      </properties>
      <repositoryProperties size='1'>
        <property name='artifact.folder' value='true'/>
      </repositoryProperties>
    </artifact>
    <artifact classifier='osgi.bundle' id='org.apache.felix.gogo.shell' version='0.10.0.v201212101605'>
      <properties size='1'>
        <property name='download.size' value='60827'/>
      </properties>
    </artifact>
    <artifact classifier='osgi.bundle' id='org.quartz.properties' version='1.0.0.201309041342'>
      <properties size='1'>
        <property name='download.size' value='1905'/>
      </properties>
    </artifact>
    <artifact classifier='osgi.bundle' id='org.eclipse.net4j.util' version='3.3.0.v20130126-0958'>
      <properties size='1'>
        <property name='download.size' value='736678'/>
      </properties>
    </artifact>
    <artifact classifier='osgi.bundle' id='com.google.collect' version='1.0.0'>
      <properties size='1'>
        <property name='download.size' value='547103'/>
      </properties>
    </artifact>
    <artifact classifier='osgi.bundle' id='org.eclipse.emf.ecore' version='2.9.0.v20130528-0742'>
      <properties size='1'>
        <property name='download.size' value='1182533'/>
      </properties>
    </artifact>
  </artifacts>
</repository>
